Event Id,Investigation Type,Accident Number,Event Date,Location,Country,Latitude,Longitude,Airport Code,Airport Name,Injury Severity,Aircraft Damage,Aircraft Category,Registration Number,Make,Model,Amateur Built,Number of Engines,Engine Type,FAR Description,Schedule,Purpose of Flight,Air Carrier,Total Fatal Injuries,Total Serious Injuries,Total Minor Injuries,Total Uninjured,Weather Condition,Broad Phase of Flight,Report Publication Date,
20080125X00106 , Accident , SEA08CA056 , 12/31/2007 ," Santa Ana, CA ", United States ,33.675556,-117.868056, SNA , John Wayne - Orange County , Non-Fatal , Substantial , Airplane , N2800D , Piper , PA-12 , No ,1, Reciprocating , Part 91: General Aviation ,  , Instructional ,  ,  ,  ,  ,2, VMC , LANDING , 02/28/2008 , 
20080206X00141 , Accident , CHI08WA075 , 12/31/2007 ," Guernsey, United Kingdom ", United Kingdom ,49.435,-2.600278,  ,  , Non-Fatal , Minor ,  ,  , Cessna , T303 , No ,  ,  ,  ,  , Unknown ,  ,  ,  ,  ,1,  ,  , 02/06/2008 , 
20080129X00122 , Accident , CHI08CA057 , 12/30/2007 ," Alexandria, MN ", United States ,45.866111,-95.394444, AXN , Chandler Field Airport , Non-Fatal , Substantial , Airplane , N5093F , Lerohl , RV-8 , Yes ,1, Reciprocating , Part 91: General Aviation ,  , Personal ,  ,  ,  ,  ,1, VMC , TAKEOFF , 02/28/2008 , 
20080114X00045 , Accident , LAX08FA043 , 12/30/2007 ," Paso Robles, CA ", United States ,35.542222,-120.522778, PRB , Paso Robles Airport , Fatal(1) , Substantial , Airplane , N254SR , Cirrus Design Corp. , SR22 , No ,1, Reciprocating , Part 91: General Aviation ,  , Personal ,  ,1,  ,  ,  , VMC , MANEUVERING , 06/20/2014 , 
20080109X00032 , Accident , NYC08FA071 , 12/30/2007 ," Cherokee, AL ", United States ,34.688611,-87.92,  ,  , Fatal(3) , Substantial , Helicopter , N109AE , BELL , 206L-3 , No ,1, Turbo Shaft , Part 91: General Aviation ,  , Other Work Use ,  ,3,0,0,0, VMC , MANEUVERING , 01/15/2009 , 
20080129X00118 , Accident , DEN08CA045 , 12/29/2007 ," Gunnison, CO ", United States ,38.533889,-106.933056,  ,  , Non-Fatal , Substantial , Airplane , N33MF , Piper , PA-46-310P , No ,1, Reciprocating , Part 91: General Aviation ,  , Personal ,  ,  ,  ,  ,5, VMC , TAKEOFF , 02/28/2008 , 
20080214X00193 , Accident , CHI08CA056 , 12/29/2007 ," Abingdon, IL ", United States ,40.799722,-90.438611,  ,  , Non-Fatal , Substantial , Airplane , N94131 , Ercoupe (Eng & Research Corp.) , 415D , No ,1, Reciprocating , Part 91: General Aviation ,  , Personal ,  ,  ,  ,  ,2, VMC , MANEUVERING , 02/28/2008 , 
20080215X00200 , Accident , CHI08CA058 , 12/29/2007 ," Crystal Falls, MI ", United States ,46.8,-88.36,  ,  , Non-Fatal , Substantial , Airplane , N8191U , Cessna , 172F , No ,1, Reciprocating , Part 91: General Aviation ,  , Personal ,  ,  ,  ,  ,1, VMC , LANDING , 02/28/2008 , 
20071231X02014 , Accident , DFW08FA053 , 12/29/2007 ," Venice, LA ", United States ,28.958056,-89.258889,  , South Pass 38 , Fatal(1) , Destroyed , Helicopter , N211EL , Bell , 206L1 , No ,1, Turbo Shaft , Part 135: Air Taxi & Commuter , NSCH ,  ,  ,1,1,2,  , IMC , APPROACH , 07/15/2009 , 
20080103X00010 , Accident , DFW08LA052 , 12/29/2007 ," Crowley, TX ", United States ,32.557222,-97.485555,  ,  , Fatal(2) , Destroyed , Gyrocraft , N136DG , ALTHOUSE , RAF 2000 GTX , Yes ,1, Reciprocating , Part 91: General Aviation ,  , Personal ,  ,2,0,0,0, VMC , MANEUVERING , 12/03/2008 , 
20080117X00071 , Accident , LAX08WA045 , 12/29/2007 ," Westgate Bridge, Australia ", Australia ,-37.829723,144.896389,  ,  , Fatal(1) , Substantial ,  ,  , Robinson , R-44 , No ,  ,  ,  ,  , Instructional ,  ,1,1,  ,  , VMC ,  , 01/17/2008 , 
20080111X00041 , Accident , DFW08CA051 , 12/28/2007 ," Houston, TX ", United States ,29.935,-95.639444, EYQ , WEISER AIR PARK , Non-Fatal , Substantial , Airplane , N1458U , Cessna ,172, No ,1, Reciprocating , Part 91: General Aviation ,  , Personal ,  ,  ,  ,  ,1, VMC , TAKEOFF , 01/31/2008 , 
20080102X00006 , Accident , SEA08LA054 , 12/28/2007 ," Murrieta, CA ", United States ,33.572778,-117.234444,  ,  , Non-Fatal , Substantial , Airplane , N365SX , Hein , Sonex , Yes ,1, Reciprocating , Part 91: General Aviation ,  , Personal ,  ,0,1,0,0, VMC , CRUISE , 12/24/2008 , 
20080108X00030 , Accident , CHI08FA055 , 12/27/2007 ," Traverse City, MI ", United States ,44.737222,-85.5275, TVC , Cherry Capital Airport , Fatal(1) , Destroyed , Airplane , N37249 , CESSNA , 310R , No ,2, Reciprocating , Part 91: General Aviation ,  , Personal ,  ,1,1,  ,  , IMC , APPROACH , 08/05/2011 , 
20080128X00107 , Incident , OPS08IA004A , 12/27/2007 ," Teterboro, NJ ", United States ,  ,  ,  ,  , Incident ,  ,  ,  , Gulfstream American , G5 , No ,  ,  ,  ,  , Unknown ,  ,  ,  ,  ,2, VMC , TAKEOFF , 03/31/2008 , 
20080128X00107 , Incident , OPS08IA004B , 12/27/2007 ," Teterboro, NJ ", United States ,  ,  ,  ,  , Incident ,  ,  ,  , Raytheon Corporate Jets , H25B , No ,  ,  ,  , NSCH ,  ,  ,  ,  ,  ,2, VMC , TAXI , 03/31/2008 , 
20080104X00022 , Accident , MIA08LA032 , 12/26/2007 ," Sarasota, FL ", United States ,27.390555,-82.552778, SRQ , Sarasota/Bradenton Intl , Non-Fatal , Substantial , Airplane , N5875Q , Mooney , M20E , No ,1, Reciprocating , Part 91: General Aviation ,  , Personal ,  ,0,0,2,0, VMC , TAKEOFF , 01/14/2009 , 
20071231X02008 , Incident , DEN08IA044 , 12/26/2007 ," Aspen, CO ", United States ,39.203889,-106.868056, ASE , Aspen/Pitkin County , Incident , Minor , Airplane , N47BC , PIPER , PA-46-310P , No ,1, Reciprocating , Part 91: General Aviation ,  , Personal ,  ,0,0,0,4, VMC , CLIMB , 12/24/2008 , 
20080210X00163 , Accident , NYC08LA070 , 12/26/2007 ," Pittstown, NJ ", United States ,40.5875,-75.019167, N85 , Alexandria Airport , Non-Fatal , Substantial , Airplane , N9412X , CESSNA , 182R , No ,1, Reciprocating , Part 91: General Aviation , NSCH , Personal ,  ,0,0,0,1, VMC , TAKEOFF , 02/25/2009 , 
20080229X00252 , Accident , MIA08WA058 , 12/26/2007 ," Ocumare del Tuy, Venezuela ", Venezuela ,10.121667,-66.771667,  ,  , Non-Fatal , Substantial ,  , N761YL , Cessna , T210L , No ,  ,  ,  ,  , Personal ,  ,  ,  ,1,  , VMC ,  , 02/29/2008 , 
20071228X02004 , Accident , NYC08CA032 , 11/11/2007 ," West Ossipee, NH ", United States ,43.825278,-71.163889, NH69 , Windsock Village Airport , Non-Fatal , Destroyed , Airplane , N38PC ," Brand, Richard ", Bateleur 2000 , Yes ,1, Reciprocating , Part 91: General Aviation ,  , Personal ,  ,  ,  ,  ,1, VMC , MANEUVERING , 01/31/2008 , 
20071228X02005 , Accident , NYC08CA031 , 11/11/2007 ," Louisburg, NC ", United States ,36.156111,-78.315556, 79NC , Ball Airport , Non-Fatal , Substantial , Glider , N284BA , LET , L-33 Solo , No ,0,  , Part 91: General Aviation ,  , Personal ,  ,  ,  ,  ,1, VMC , CRUISE , 01/31/2008 , 
20071121X01831 , Accident , SEA08LA024 , 11/11/2007 ," McMinnville, OR ", United States ,45.196389,-123.134444, KMMV , McMinnville Municipal , Non-Fatal , Substantial ,  , None , Titan Aircraft , Tornado I , Yes ,1, Reciprocating ,  ,  , Personal ,  ,  ,1,  ,  , VMC , TAKEOFF , 09/26/2008 , 
20071127X01856 , Accident , DFW08LA030 , 11/11/2007 ," Sugar Land, TX ", United States ,29.633056,-95.655556, KSGR , Sugar Land Regional Airport , Non-Fatal , Substantial , Airplane , N209LS , GULFSTREAM AEROSPACE , G-IV , No ,2, Turbo Fan , Part 91: General Aviation ,  , Business ,  ,0,0,0,8, VMC , LANDING , 12/24/2008 , 
20080206X00143 , Accident , SEA08LA066 , 11/11/2007 ," Benson, AZ ", United States ,31.999722,-110.357778, E95 , Benson Municipal Airport , Non-Fatal , Substantial ,  , N9592U , Grumman American , AA-5A , No ,1, Reciprocating ,  ,  , Personal ,  ,  ,  ,  ,4, VMC , LANDING , 08/28/2008 , 
20080220X00217 , Accident , DFW08LA029 , 11/10/2007 ," Midland, TX ", United States ,31.042222,-102.101944, MDD , MIDLAND AIRPARK , Non-Fatal , Substantial ,  , N7716K , Cessna , P210N , No ,1, Reciprocating ,  ,  , Personal ,  ,  ,1,1,  , VMC , LANDING , 03/31/2008 , 
20071121X01826 , Accident , NYC08LA034 , 11/10/2007 ," Sacramento, KY ", United States ,37.396111,-87.235555, 80KY , David Lowe Airport , Non-Fatal , Substantial ,  , N41535 , Piper , PA-28-151 , No ,1, Reciprocating ,  ,  , Personal ,  ,  ,  ,  ,1, VMC , TAKEOFF , 05/28/2008 , 
20080115X00050 , Accident , NYC08LA029 , 11/10/2007 ," Hollywood, FL ", United States ,26,-80.241666, HWO , Hollywood North Perry , Non-Fatal , Substantial , Airplane , N131AB , PIPER , PA-25-235 , No ,1, Reciprocating , Part 91: General Aviation , NSCH , Banner Tow ,  ,  ,1,  ,  , VMC , MANEUVERING , 04/05/2012 , 
20071206X01910 , Accident , LAX08CA014 , 11/10/2007 ," Napa, CA ", United States ,38.213056,-122.280556, APC , Napa County Airport , Non-Fatal , Substantial , Airplane , N3038P , Piper , PA-34-200T , No ,2, Reciprocating , Part 91: General Aviation ,  , Positioning ,  ,  ,  ,  ,1, IMC , TAKEOFF , 12/20/2007 , 
20080321X00360 , Accident , NYC08CA030 , 11/10/2007 ," Sanford, FL ", United States ,28.816667,-81.258333,  ,  , Non-Fatal , Substantial , Airplane , N2PR , Sea & Air Sales , Searey , Yes ,1, Reciprocating , Part 91: General Aviation ,  , Personal ,  ,  ,  ,2,  , VMC , LANDING , 03/31/2008 , 
20080307X00285 , Accident , CHI08CA043 , 11/09/2007 ," Loop City, NE ", United States ,41.143611,-102.102222,  ,  , Non-Fatal , Substantial , Airplane , N9192X , Air Tractor , AT-502 , No ,1, Turbo Shaft , Part 137: Agricultural ,  , Aerial Application ,  ,  ,  ,1,  , VMC , MANEUVERING , 03/31/2008 , 
20080104X00019 , Accident , CHI08CA038 , 11/09/2007 ," Plato Center, IL ", United States ,42.008889,-88.4575, LL53 , Olson Airport , Non-Fatal , Substantial , Airplane , N2813Z , Piper , PA-22-150 , No ,1, Reciprocating , Part 91: General Aviation ,  , Personal ,  ,  ,  ,  ,1, VMC , LANDING , 01/31/2008 , 
20121004X53806 , Incident , ERA13IA006 , 11/09/2007 ,  , Unknown ,46.573056,-37.768334,  ,  , Incident ,  , Airplane , N42RF , LOCKHEED , WP-3D , No ,4, Turbo Prop , Public Use ,  , Public Aircraft - Federal ,  ,  ,  ,  ,6, IMC , MANEUVERING , 05/30/2013 , 
20071120X01816 , Accident , ANC08LA018 , 11/09/2007 ," Palmer, AK ", United States ,61.594722,-149.088611, PAQ , PALMER MUNI , Non-Fatal , Substantial ,  , N11764 , Cessna ,150, No ,1, Reciprocating ,  ,  , Instructional ,  ,  ,2,  ,  , VMC , GO-AROUND , 05/28/2008 , 
20071119X01810 , Accident , MIA08CA016 , 11/09/2007 ," Cramerton, NC ", United States ,35.366667,-31.1,  ,  , Non-Fatal , Substantial , Airplane , N9151R , Scottish , Bulldog 120 , No ,1, Reciprocating , Part 91: General Aviation ,  , Personal ,  ,  ,  ,  ,1, VMC , CRUISE , 12/20/2007 , 
20071113X01789 , Accident , LAX08FA028 , 11/09/2007 ," McFarland, CA ", United States ,35.626945,-119.135833, L73 , POSO-KERN COUNTY , Fatal(3) , Destroyed , Airplane , N6895Z , PIPER , PA-60-602P , No ,2, Reciprocating , Part 91: General Aviation ,  , Personal ,  ,3,0,0,0, VMC , DESCENT , 01/29/2009 , 
20071227X01994 , Accident , NYC08LA028 , 11/09/2007 ," Morristown, TN ", United States ,36.179167,-83.375278, MOR , Moore-Murrell Airport , Fatal(1) ,  ,  , N555BH , Bell ,407, No ,1, Turbo Shaft ,  ,  , Positioning ,  ,1,  ,  ,  , VMC , STANDING , 04/30/2008 , 
20071126X01847 , Accident , DFW08CA028 , 11/08/2007 ," Ardmore, OK ", United States ,34.146944,-97.122778, 1F0 , Adrmore Downtown Executive , Non-Fatal , Substantial , Airplane , N4830B , Cessna ,152, No ,1, Reciprocating , Part 91: General Aviation ,  , Personal ,  ,  ,  ,  ,1, VMC , LANDING , 12/20/2007 , 
20071121X01832 , Accident , SEA08FA023 , 11/08/2007 ," Las Vegas, NV ", United States ,35.959167,-115.493889,  ,  , Fatal(2) , Destroyed , Airplane , N881CP , CESSNA , T182T , No ,1, Reciprocating , Part 91: General Aviation ,  , Personal ,  ,2,0,0,0, VMC , CLIMB , 01/30/2009 , 
20071121X01829 , Accident , SEA08FA022 , 11/08/2007 ," Baker City, OR ", United States ,44.859167,-117.806389,  ,  , Fatal(1) , Substantial , Helicopter , N381MC , HUGHES , 269C , No ,1, Reciprocating , Part 91: General Aviation ,  , Instructional ,  ,1,0,0,0, VMC , MANEUVERING , 01/22/2009 , 
20071119X01814 , Accident , LAX08LA027 , 11/08/2007 ," Jean, NV ", United States ,35.754167,-115.266667,  ,  , Non-Fatal , Substantial , Airplane , N3627B , BEECH , A36 , No ,1, Reciprocating , Part 91: General Aviation ,  , Personal ,  ,0,0,0,2, VMC , CRUISE , 12/24/2008 , 
20080108X00028 , Accident , DCA08WA008 , 11/07/2007 ," Cape Town, South Africa ", South Africa ,  ,  ,  ,  , Non-Fatal , Substantial ,  ,  , Boeing , 737-200 ,  ,  ,  ,  , SCHD ,  ,  ,  ,  ,  ,106,  ,  , 01/08/2008 , 
20071119X01803 , Accident , DEN08WA029 , 11/07/2007 ," Merrenberg, France ", France ,0,0,  ,  , Fatal(1) , Destroyed ,  ,  , Piper , PA-32R ,  ,  ,  ,  ,  , Personal ,  ,1,  ,  ,  ,  ,  , 11/19/2007 , 
20071108X01768 , Accident , MIA08LA014B , 11/06/2007 ," Opa Locka, FL ", United States ,25.904167,-80.273611, OPF , Opa Locka Executive Airport , Non-Fatal , Substantial , Airplane , N18R , BEECH , E18S , No ,2, Reciprocating , Part 135: Air Taxi & Commuter , NSCH ,  , Aircap Management CO Inc. (DBA: Island Air Service) ,  ,  ,  ,2, VMC , TAXI , 12/09/2011 , 
20071108X01768 , Accident , MIA08LA014A , 11/06/2007 ," Opa Locka, FL ", United States ,25.904167,-80.273611, OPF , Opa Locka Executive Airport , Non-Fatal , Substantial , Airplane , N701SE , CESSNA , C208B , No ,1, Turbo Prop , Part 135: Air Taxi & Commuter , NSCH , Business ," Florida Air Cargo, Inc (DBA: Florida Air Cargo, Inc) ",  ,  ,  ,2, VMC , TAXI , 12/09/2011 , 
20071121X01830 , Accident , SEA08LA021 , 11/06/2007 ," Garberville, CA ", United States ,40.075834,-123.816667, O16 , Garberville Airport , Fatal(3) , Destroyed , Airplane , N5049Q , CESSNA ,340, No ,2, Reciprocating , Part 91: General Aviation ,  , Business ,  ,3,0,0,0, IMC , APPROACH , 11/10/2008 , 
20071113X01788 , Accident , LAX08FA026 , 11/06/2007 ," Chino, CA ", United States ,33.978056,-117.660278, CNO , Chino Airport , Fatal(2) , Destroyed , Airplane , N30GC , BEECH , A100 , No ,2, Turbo Prop , Part 91: General Aviation ,  , Executive/Corporate ,  ,2,  ,  ,  , IMC , TAKEOFF , 09/24/2014 , 
20080115X00048 , Accident , SEA08LA020 , 11/06/2007 ," Cougar, WA ", United States ,46.096666,-122.262778,  ,  , Non-Fatal , Substantial ,  , N831SD , Arrow Falcon Exporters , OH-58+ , No ,1, Turbo Shaft ,  ,  , Aerial Application ,  ,  ,  ,1,  , VMC , MANEUVERING , 02/28/2008 , 
20071129X01868 , Accident , NYC08LA033 , 11/06/2007 ," Durbin, WV ", United States ,38.570834,-79.935555,  ,  , Non-Fatal , Substantial ,  , N3257B , Piper , PA-18-135 , No ,1, Reciprocating ,  ,  , Personal ,  ,  ,  ,  ,1, VMC , CRUISE , 09/26/2008 , 
20071114X01792 , Accident , DEN08LA027 , 11/06/2007 ," Cody, WY ", United States ,44.355278,-109.589444,  ,  , Non-Fatal , Substantial ,  , C-GNSR , Agusta , A119 , No ,1, Turbo Shaft ,  ,  , Personal ,  ,  ,1,  ,4, VMC , APPROACH , 04/30/2008 , 
20071106X01739 , Accident , DFW08LA025 , 11/05/2007 ," Fort Worth, TX ", United States ,32.836389,-97.363056, FTW , FORT WORTH MEACHAM , Non-Fatal , Substantial ,  , N7208B , Beech , J35 , No ,1, Reciprocating ,  ,  , Personal ,  ,  ,1,  ,  , VMC , CRUISE , 03/31/2008 , 
20090303X93946 , Incident , CEN09RA185 , 11/05/2007 ," Mandarfrn, Austria ", Austria ,46.958056,10.841944,  ,  , Incident ,  , Airplane ,  , Kaman , K1200 K-Max , No ,  ,  ," Non-U.S., Non-Commercial ",  , External Load ,  ,  ,  ,1,1, VMC ,  , 04/01/2009 , 
20071111X01782 , Accident , NYC08LA027 , 11/05/2007 ," West Point, VA ", United States ,37.624445,-76.906111, FYJ , Middle Peninsula , Non-Fatal , Substantial , Airplane , N723EP , Vans Aircraft , RV-7A , Yes ,1, Reciprocating , Part 91: General Aviation ,  , Personal ,  ,0,0,1,0, VMC , CRUISE , 11/10/2008 , 
20071106X01738 , Accident , DFW08WA027 , 11/05/2007 ," Culiacan, Mexico ", Mexico ,  ,  ,  ,  , Non-Fatal , Destroyed ,  ,  , Cessna , 208B , No ,  ,  ,  , SCHD ,  ,  ,  ,3,12,  , VMC ,  , 11/06/2007 , 
20071226X01990 , Accident , ANC08CA017 , 11/05/2007 ," Nashville, TN ", United States ,36.124445,-86.678334, KBNA , Nashville International , Non-Fatal , Substantial , Airplane , N5555R , Cessna ,172, No ,1, Reciprocating , Part 91: General Aviation ,  , Personal ,  ,  ,  ,  ,1, VMC , TAXI , 01/31/2008 , 
20071205X01903 , Accident , DEN08CA025 , 11/05/2007 ," Cortez, CO ", United States ,37.303056,-108.628056, CEZ , Cortez Municipal , Non-Fatal , Substantial , Airplane , N6ZT , Piper , PA-18-150 , No ,1, Reciprocating , Part 91: General Aviation ,  , Personal ,  ,  ,  ,  ,2, VMC , LANDING , 12/20/2007 , 
20071119X01805 , Accident , NYC08FA026 , 11/05/2007 ," Jamestown, TN ", United States ,36.425556,-85.057222,  ,  , Fatal(3) , Destroyed , Helicopter , N8356C , ROBINSON HELICOPTER , R44 , No ,1, Reciprocating , Part 91: General Aviation ,  , Unknown ,  ,3,0,0,0, VMC , TAKEOFF , 01/14/2009 , 
20071209X01915 , Accident , NYC08CA025 , 11/04/2007 ," Windham, NY ", United States ,42.3,-74.25, 1I5 , Freehold Airport , Non-Fatal , Substantial , Glider , N46009 , Burkhart Grob , G 103 Twin II , No ,0,  , Part 91: General Aviation ,  , Personal ,  ,  ,1,1,  , VMC , MANEUVERING , 12/20/2007 , 
20071204X01895 , Accident , CHI08CA034 , 11/04/2007 ," Greenwood, IN ", United States ,39.6275,-86.087777,  ,  , Non-Fatal , Substantial , Airplane , N601AG ," Gluff, Alan ", Zenair 200 , Yes ,1, Reciprocating , Part 91: General Aviation ,  , Personal ,  ,  ,  ,1,  , VMC , CLIMB , 12/20/2007 , 
20080103X00009 , Accident , DEN08CA026 , 11/04/2007 ," Poultney, VT ", United States ,43.35,-73.233333, NONE , Coltey , Non-Fatal , Substantial , Airplane , N89120 , Cessna ,140, No ,1, Reciprocating , Part 91: General Aviation ,  , Personal ,  ,  ,  ,  ,1, VMC , LANDING , 01/31/2008 , 
20071119X01811 , Accident , MIA08RA013 , 11/04/2007 ," Sao Paulo, Brazil ", Brazil ,-23.491666,-46.644444,  ,  , Fatal(8) , Destroyed ,  ,  , Learjet , 35A , No ,  ,  ,  ,  , Positioning ,  ,8,1,1,  , VMC ,  , 11/19/2007 , 
20071109X01775 , Accident , MIA08CA012 , 11/04/2007 ," Tuscaloosa, AL ", United States ,33.220556,-87.611389, KTCL , Tuscaloosa Regional Airport , Non-Fatal , Substantial , Airplane , N980JH , Piper , PA-31-350 , No ,2, Reciprocating , Part 135: Air Taxi & Commuter , NSCH ,  , Air Southeast Inc. ,  ,  ,  ,6, VMC , TAXI , 12/20/2007 , 
20071121X01825 , Accident , NYC08LA024 , 11/04/2007 ," Farmington, DE ", United States ,38.843055,-75.607778, D74 , Chorman Airport , Fatal(2) , Destroyed , Airplane , N27S , Blondin , 601HDS , Yes ,1, Reciprocating , Part 91: General Aviation ,  , Personal ,  ,2,0,0,0, VMC , MANEUVERING , 01/14/2009 , 
20071114X01795 , Accident , DFW08CA024 , 11/03/2007 ," Holt, FL ", United States ,30.685555,-86.747222, FD93 , YELLOW RIVER AIRSTRIP , Non-Fatal , Substantial , Airplane , N457EZ , Pipistrel , Sinus 912 , No ,1, Reciprocating , Part 91: General Aviation ,  , Personal ,  ,  ,  ,1,1, VMC , TAKEOFF , 12/20/2007 , 
20071107X01748 , Accident , CHI08FA033 , 11/03/2007 ," Gladwin, MI ", United States ,43.964167,-84.513889,  ,  , Fatal(1) , Substantial , Airplane , N8353L , CESSNA , 172I , No ,1, Reciprocating , Part 91: General Aviation ,  , Personal ,  ,1,0,0,0, VMC , MANEUVERING , 12/28/2008 , 
20071203X01891 , Accident , SEA08CA019 , 11/03/2007 ," Parma, ID ", United States ,43.778889,-116.938611, 50S , Parma , Non-Fatal , Substantial , Helicopter , N3189Z , Robinson , R22 Beta , No ,1, Reciprocating , Part 91: General Aviation ,  , Instructional ,  ,  ,  ,  ,2, VMC , LANDING , 12/20/2007 , 
20071217X01940 , Accident , DFW08CA023 , 11/03/2007 ," Arcola, TX ", United States ,29.506111,-95.476945, AXH , HOUSTON-SOUTHWEST , Non-Fatal , Substantial , Airplane , N712j , Bellanca , 7GCBC , No ,1, Reciprocating , Part 91: General Aviation ,  , Personal ,  ,  ,  ,  ,2, VMC , LANDING , 01/31/2008 , 
20071129X01875 , Accident , MIA08CA011 , 11/02/2007 ," Alburgh, VT ", United States ,44.137222,-73.465833, VT46 , Northern Lights , Non-Fatal , Substantial , Airplane , N58MB , Smith Miniplane , DSA-1 , Yes ,1, Reciprocating , Part 91: General Aviation ,  , Personal ,  ,  ,1,  ,  , VMC , MANEUVERING , 12/20/2007 , 
20080129X00120 , Accident , DFW08CA022 , 11/02/2007 ," Fort Worth, TX ", United States ,32.565278,-97.308056, FWS , FORT WORTH SPINKS , Non-Fatal , Substantial , Airplane , N81800 , Aeronca , 7AC , No ,1, Reciprocating , Part 91: General Aviation ,  , Personal ,  ,  ,  ,  ,1, VMC , LANDING , 02/28/2008 , 
20071108X01760 , Accident , LAX08LA025 , 11/02/2007 ," Independence, OR ", United States ,44.866945,-123.198055, 7S5 , Independence State Airport , Non-Fatal , Substantial ,  , N232PM , Interplane , XJ , No ,1, Reciprocating ,  ,  , Personal ,  ,  ,1,  ,  , VMC , TAKEOFF , 04/30/2008 , 
20071108X01763 , Incident , DEN08IA022 , 11/02/2007 ," Wichita, KS ", United States ,37.65,-97.384444,  ,  , Incident , Minor ,  , N880UP , Douglas , DC-8-73F , No ,4, Turbo Fan ,  , NSCH ,  ,  ,  ,  ,  ,4, VMC , CRUISE , 03/31/2008 , 
20071109X01779 , Accident , SEA08LA017 , 11/02/2007 ," Reno, NV ", United States ,39.6675,-119.876111, 4SD , Reno/Stead Airport , Fatal(1) , Substantial , Airplane , N42KK , Kelly , F1D , Yes ,1, Reciprocating , Part 91: General Aviation ,  , Flight Test ,  ,1,0,0,0, VMC , APPROACH , 12/28/2008 , 
20071127X01858 , Accident , DEN08CA023 , 11/02/2007 ," Boulder, CO ", United States ,40.039444,-105.225834,  ,  , Non-Fatal , Substantial , Airplane , N4635F , Cessna , TP206A , No ,1, Reciprocating , Part 91: General Aviation ,  , Personal ,  ,  ,  ,1,  , VMC , APPROACH , 12/20/2007 , 
20071120X01821 , Accident , NYC08FA023 , 11/02/2007 ," Greenville, PA ", United States ,41.457778,-80.373611, 4G1 , Greenville Municipal Airport , Fatal(1) , Destroyed , Airplane , N289DT , Daniel R. Lloyd , Trish's Ride Home , Yes ,1, Reciprocating , Part 91: General Aviation ,  , Personal ,  ,1,  ,  ,  , VMC , MANEUVERING , 09/30/2009 , 
20071108X01767 , Accident , CHI08LA031 , 11/01/2007 ," La Belle, MO ", United States ,40.023611,-91.873889,  ,  , Fatal(1) , Destroyed , Airplane , N634WB ," WRB Associates, LLC. ", Zodiac 601 XL , No ,1, Reciprocating , Part 91: General Aviation ,  , Flight Test ,  ,1,0,0,0, VMC , MANEUVERING , 12/28/2008 , 
20071108X01761 , Accident , MIA08FA010 , 11/01/2007 ," Panama City, FL ", United States ,30.209167,-85.8875, PFN , Panama City International , Fatal(1) , Substantial ,  , N4091H , Mooney , M20K , No ,1, Reciprocating ,  ,  , Personal ,  ,1,  ,1,  , VMC , CRUISE , 09/26/2008 , 
20080104X00016 , Accident , CHI08CA032 , 11/01/2007 ," Alliance, OH ", United States ,40.970834,-81.099722, 2D1 , Barber Airport , Non-Fatal , Substantial , Airplane , N5733W , Piper , PA-28-151 , No ,1, Reciprocating , Part 91: General Aviation ,  , Personal ,  ,  ,  ,  ,2, VMC , LANDING , 01/31/2008 , 
20080104X00017 , Accident , CHI08CA035 , 11/01/2007 ," Lafayette, IN ", United States ,40.412222,-86.936944, LAF , Purdue University Airport , Non-Fatal , Substantial , Airplane , N5912Q , Mooney , M20E , No ,1, Reciprocating , Part 91: General Aviation ,  , Business ,  ,  ,  ,  ,1, VMC , CRUISE , 01/31/2008 , 
20080111X00042 , Accident , DFW08LA035 , 11/01/2007 ," Lenora, TX ", United States ,32.753611,-101.918334,  ,  , Non-Fatal , Substantial , Airplane , N32984 , Ayres , S2-R , No ,1, Turbo Prop , Part 137: Agricultural ,  , Aerial Application ,  ,  ,  ,  ,1, VMC , CRUISE , 01/22/2014 , 
20071219X01972 , Accident , MIA08WA020 , 11/01/2007 ," San Paulo, Brazil ", Brazil ,-23.55,-46.816667, SIAV ,  , Fatal(3) , Destroyed ,  ,  , Robinson , R-44 , No ,  ,  ,  ,  , Personal ,  ,3,1,  ,  , VMC ,  , 12/19/2007 , 
20071203X01892 , Accident , SEA08CA016 , 10/31/2007 ," Cottage Grove, OR ", United States ,43.799722,-123.028889, 61S , Cottage Grove State , Non-Fatal , Substantial , Airplane , N2161Y , Dye , Rans S-12 Airaile , Yes ,1, Reciprocating , Part 91: General Aviation ,  , Personal ,  ,  ,  ,2,  , VMC , CRUISE , 12/20/2007 , 
20071113X01783 , Accident , DFW08WA026 , 10/31/2007 ," Albrook, Panama ", Panama ,  ,  ,  ,  , Non-Fatal , Substantial ,  ,  , Fokker , F27 MARK 200 , No ,  ,  ,  , SCHD ,  ,  ,  ,  ,  ,13, VMC ,  , 11/13/2007 , 
20071121X01835 , Accident , SEA08CA018 , 10/31/2007 ," Stockton, CA ", United States ,38.066389,-121.408333, NONE , Private Airstrip , Non-Fatal , Substantial , Airplane , N4153M , Piper , PA-18-150 , No ,1, Reciprocating , Part 91: General Aviation ,  , Business ,  ,  ,  ,  ,2, VMC , TAXI , 12/20/2007 , 
20071109X01780 , Accident , SEA08LA015A , 10/30/2007 ," Phoenix, AZ ", United States ,33.688333,-112.0825, DVT , Phoenix Deer Valley , Non-Fatal , Substantial ,  , N309PA , Piper , PA-28-181 , No ,1, Reciprocating ,  ,  , Instructional ,  ,  ,  ,  ,3, VMC , TAXI , 01/31/2008 , 
20071109X01780 , Accident , SEA08LA015B , 10/30/2007 ," Phoenix, AZ ", United States ,33.688333,-112.0825, DVT , Phoenix Deer Valley , Non-Fatal , Minor ,  , N923PA , Piper , PA-28-181 , No ,1, Reciprocating ,  ,  , Instructional ,  ,  ,  ,  ,3, VMC , STANDING , 01/31/2008 , 
20080219X00208 , Accident , LAX08CA037 , 10/30/2007 ," Turlock, CA ", United States ,37.483611,-120.691666, O15 , TURLOCK MUNI , Non-Fatal , Substantial , Airplane , N64994 , Cessna ,152, No ,1, Reciprocating , Part 91: General Aviation ,  , Instructional ,  ,  ,  ,  ,1, VMC , LANDING , 02/28/2008 , 
20071205X01901 , Accident , LAX08CA022 , 10/29/2007 ," N. Bonneville, WA ", United States ,45.585,-122.138611, 03S , Sandy River Airport , Non-Fatal , Substantial , Airplane , N46361 , Bagnall Harold E , Kitfox Lite 2 , Yes ,1, Reciprocating , Part 91: General Aviation ,  , Personal ,  ,  ,  ,  ,2, VMC , MANEUVERING , 12/20/2007 , 
20080103X00014 , Accident , CHI08CA029 , 10/29/2007 ," Brookings, SD ", United States ,44.304722,-96.816945, BKX , Brookings Regional Airport , Non-Fatal , Substantial , Airplane , N77LU , Cessna , 172R , No ,1, Reciprocating , Part 91: General Aviation ,  , Instructional ,  ,  ,  ,  ,1, VMC , TAKEOFF , 01/31/2008 , 
20071114X01793 , Accident , DEN08LA028 , 10/29/2007 ," Canon City, CO ", United States ,38.423334,-105.103611, 1V6 , Fremont County Airport , Non-Fatal , Substantial ,  , N2736P , Piper , PA-22-150 , No ,1, Reciprocating ,  ,  , Personal ,  ,  ,  ,  ,2, VMC , LANDING , 01/31/2008 , 
20071102X01707 , Accident , SEA08LA014 , 10/29/2007 ," Santa Ana, CA ", United States ,33.675556,-117.868056, SNA , John Wayne Airport , Non-Fatal , Substantial ,  , N800CC , Raytheon Corporate Jets , Hawker 800XP , No ,2, Turbo Fan ,  ,  , Business ,  ,  ,  ,  ,8, VMC , TAKEOFF , 01/31/2008 , 
20071107X01747 , Accident , CHI08GA028 , 10/29/2007 ," Columbus, OH ", United States ,39.940277,-83.005,  ,  , Non-Fatal , Substantial , Helicopter , N556CP , McDonnell Douglas Helicopter , 369E , No ,1, Turbo Shaft , Part 91: General Aviation ,  , Public Aircraft - Local ,  ,  ,  ,  ,2, VMC , MANEUVERING , 05/19/2011 , 
20071120X01823 , Accident , ANC08CA011 , 10/29/2007 ," Nikolski, AK ", United States ,53.353333,-168.24,  ,  , Non-Fatal , Substantial , Helicopter , N185MH , Robinson , R-22 , No ,1, Reciprocating , Part 91: General Aviation ,  , Other Work Use ,  ,  ,  ,  ,1, VMC , MANEUVERING , 01/31/2008 , 
20081219X65251 , Incident , ENG08IA001 , 10/28/2007 ," Charlotte (CLT), NC ", United States ,  ,  , CLT , Douglas International , Incident , Minor , Airplane , N919UW , BOEING , 757-225 , No ,2, Turbo Fan , Part 121: Air Carrier , SCHD ,  , US AIRWAYS INC (DBA: US Airways) ,  ,  ,  ,  ,  , STANDING , 04/12/2011 , 
20071102X01712 , Accident , LAX08FA023 , 10/28/2007 ," Palm Springs, CA ", United States ,33.751667,-116.282778, KUDD , Bermuda Dunes Airport , Fatal(1) , Substantial ,  , N21101 , Cessna , 172S , No ,1, Reciprocating ,  ,  , Instructional ,  ,1,1,  ,  , VMC , TAKEOFF , 05/28/2008 , 
20071031X01694 , Accident , ANC08LA010 , 10/28/2007 ," Penn Yan, NY ", United States ,42.719445,-76.941111,  ,  , Non-Fatal , Substantial ,  , N717SB , Piper , 601P , No ,2, Reciprocating ,  ,  , Personal ,  ,  ,  ,  ,1, VMC , CRUISE , 04/30/2008 , 
20071101X01699 , Accident , DEN08LA021 , 10/28/2007 ," Los Alamos, NM ", United States ,35.874445,-106.268056, LAM , Los Alamos Airport , Non-Fatal , Substantial ,  , N8251M , Cessna , T210K , No ,1, Reciprocating ,  ,  , Business ,  ,  ,  ,  ,2, VMC , APPROACH , 01/31/2008 , 
20080103X00015 , Accident , CHI08CA030 , 10/28/2007 ," Duluth, MN ", United States ,46.842222,-92.193611, DLH , Duluth International Airport , Non-Fatal , Substantial , Airplane , N4366R , Cessna , 172M , No ,1, Reciprocating , Part 91: General Aviation ,  , Personal ,  ,  ,  ,  ,1, VMC , LANDING , 01/31/2008 , 
20080311X00296 , Accident , ANC08WA016 , 10/28/2007 ," Golden, Canada ", Canada ,51.316667,-116.916667,  ,  , Fatal(2) , Substantial ,  ,  , Cessna ,172, No ,  ,  ,  ,  , Personal ,  ,2,1,  ,  ,  ,  , 03/11/2008 , 
20071102X01706 , Accident , SEA08FA013 , 10/28/2007 ," Sequim, WA ", United States ,48.093055,-122.926389, 2WA1 , Diamond Point Airstrip , Fatal(1) , Destroyed , Airplane , N27175 , Grumman American , AA-5A , No ,1, Reciprocating , Part 91: General Aviation ,  , Personal ,  ,1,0,0,0, VMC , APPROACH , 11/10/2008 , 
20071115X01798 , Accident , DCA08WA007 , 10/28/2007 ," Katowice, Poland ", Poland ,  ,  ,  ,  , Non-Fatal , Substantial ,  ,  , Boeing , 737-800 , No ,  ,  ,  , SCHD ,  ,  ,  ,  ,  ,122,  ,  , 11/15/2007 , 
20071120X01817 , Accident , DFW08WA034 , 10/28/2007 ," Palencia, Spain ", Spain ,  ,  ,  ,  , Fatal(2) , Destroyed ,  ,  , Vans Aircraft , RV4 , Yes ,  ,  ,  ,  , Personal ,  ,2,  ,  ,  , VMC ,  , 11/20/2007 , 
20080215X00197 , Accident , ANC08WA013 , 10/27/2007 ," Yao-City, Japan ", Japan ,34.533333,135.5,  ,  , Fatal(2) , Substantial ,  ,  , Robinson , R-22B , No ,  ,  ,  ,  , Business ,  ,2,  ,  ,  ,  ,  , 02/15/2008 , 
20071106X01733 , Accident , NYC08FA022 , 10/27/2007 ," Atlantic City, NJ ", United States ,39.4575,-74.577223, ACY , Atlantic City International , Non-Fatal , Substantial ,  , N697MC , Cessna ,650, No ,2, Turbo Fan ,  ,  , Personal ,  ,  ,  ,  ,4, IMC , LANDING , 06/30/2008 , 
20071102X01709 , Accident , SEA08LA012 , 10/27/2007 ," San Carlos, CA ", United States ,37.550555,-112.216667,  ,  , Non-Fatal , Substantial ,  , N5050B , Beech , F35 , No ,1, Reciprocating ,  ,  , Personal ,  ,  ,  ,  ,2, VMC , CRUISE , 09/26/2008 , 
20071119X01804 , Accident , NYC08FA020 , 10/27/2007 ," Boynton Beach, FL ", United States ,26.511389,-80.104444, LNA , Palm Beach County Park Airport , Fatal(2) , Substantial , Airplane , N8155C , PIPER , PA-28-181 , No ,1, Reciprocating , Part 91: General Aviation ,  , Instructional ,  ,2,1,  ,  , VMC , CRUISE , 05/06/2010 , 
20071106X01732 , Accident , NYC08LA021 , 10/26/2007 ," Pensacola, FL ", United States ,30.398055,-87.348889, 82J , Ferguson Airport , Non-Fatal , Substantial ,  , N2099K , Luscombe , 8A , No ,1, Reciprocating ,  ,  , Personal ,  ,  ,  ,  ,2, VMC , TAKEOFF , 09/26/2008 , 
20071105X01726 , Accident , LAX08FA001 , 10/26/2007 ," Cedar City, UT ", United States ,37.429167,-112.913333,  ,  , Fatal(2) , Destroyed , Airplane , N3971X , PIPER , PA-28R-200 , No ,1, Reciprocating , Part 91: General Aviation ,  , Business ,  ,2,0,0,0, VMC , CRUISE , 01/14/2009 , 
20071030X01689 , Accident , DEN08LA017 , 10/26/2007 ," Salida, CO ", United States ,38.450833,-106.0175,  ,  , Fatal(1) , Destroyed ,  , N36LB , Schempp-Hirth , Ventus B/16.6 , No ,0,  ,  ,  , Personal ,  ,1,  ,  ,  , VMC , MANEUVERING , 03/31/2008 , 
20071126X01840 , Accident , DFW08CA021 , 10/26/2007 ," Stillwater, OK ", United States ,36.161111,-97.085555, SWO , STILLWATER MUNI , Non-Fatal , Substantial , Airplane , N5181A , Cessna ,172, No ,1, Reciprocating , Part 91: General Aviation ,  , Instructional ,  ,  ,  ,  ,1, VMC , LANDING , 12/20/2007 , 
20071128X01863 , Accident , LAX08CA021 , 10/26/2007 ," Camarillo, CA ", United States ,34.213889,-119.094444, CMA , Camarillo Airport , Non-Fatal , Substantial , Airplane , N16SF , Beech , A36 , No ,1, Reciprocating , Part 91: General Aviation ,  , Personal ,  ,  ,  ,  ,2, VMC , GO-AROUND , 12/20/2007 , 
20080215X00196 , Accident , ANC08WA012 , 10/26/2007 ," Fairmont, Canada ", Canada ,50.533333,-115.75,  ,  , Fatal(3) , Substantial ,  ,  , Piper , PA-46 , No ,  ,  ,  ,  , Personal ,  ,3,  ,  ,  ,  ,  , 02/15/2008 , 
20071211X01924 , Accident , CHI08CA008 , 10/25/2007 ," Owosso, MI ", United States ,42.992777,-84.138333, RNP , Owosso Community Airport , Non-Fatal , Substantial , Airplane , N702BW ," Veltman, Robert ", CH701 , Yes ,1, Reciprocating , Part 91: General Aviation ,  , Personal ,  ,  ,1,  ,  , VMC , TAKEOFF , 12/20/2007 , 
20071127X01859 , Accident , LAX08CA018 , 10/25/2007 ," Ramona, CA ", United States ,33.041666,-116.966667, RNM , Ramona Airport , Non-Fatal , Substantial , Helicopter , N412KK , Bell , 206L-1 , No ,1, Turbo Shaft , Part 91: General Aviation ,  , Aerial Observation ,  ,  ,  ,  ,4, VMC , MANEUVERING , 12/20/2007 , 
20071127X01860 , Accident , LAX08CA019 , 10/25/2007 ," Lake Berryessa, CA ", United States ,38.566667,-122.183333,  ,  , Non-Fatal , Substantial , Airplane , N195LS , Ploof Progressive Aerodyne's , Searey , No ,1, Reciprocating , Part 91: General Aviation ,  , Personal ,  ,  ,  ,2,  , VMC , LANDING , 12/20/2007 , 
20071128X01862 , Accident , LAX08CA020 , 10/25/2007 ," Fresno, CA ", United States ,36.733333,-119.816667, FCH , Fresno Chandler Executive , Non-Fatal , Substantial , Airplane , N6791J , Piper , PA-28-140 , No ,1, Reciprocating , Part 91: General Aviation ,  , Personal ,  ,  ,2,1,  , VMC , APPROACH , 12/20/2007 , 
20071105X01727 , Accident , LAX08LA024 , 10/25/2007 ," Tracy, CA ", United States ,37.663611,-121.297222, 1Q4 , New Jerusalem , Fatal(1) , Substantial ,  , NONE , North Wing , Mustang II 17.5 , No ,1, Reciprocating ,  ,  , Personal ,  ,1,  ,  ,  , VMC , UNKNOWN , 07/30/2008 , 
20071104X01721 , Accident , NYC08LA019 , 10/24/2007 ," Stuart, FL ", United States ,27.201944,-80.235555, SUA , Witham Field , Non-Fatal , Substantial ,  , N94320 , Ercoupe , 415-C , No ,1, Reciprocating ,  ,  , Personal ,  ,  ,  ,  ,2, VMC , CRUISE , 09/26/2008 , 
20071126X01843 , Accident , DFW08LA020 , 10/24/2007 ," Catarina, TX ", United States ,  ,  ,  ,  , Non-Fatal , Substantial ,  , N744RG , Robinson , R-44 , No ,1, Reciprocating ,  ,  , Personal ,  ,  ,  ,  ,4, VMC , MANEUVERING , 01/31/2008 , 
20071126X01842 , Accident , DEN08CA020 , 10/24/2007 ," Grand Junction, CO ", United States ,39.122223,-108.526667, GJT , Walker Field , Non-Fatal , Substantial , Airplane , N1422E , Cessna , 172N , No ,1, Reciprocating , Part 91: General Aviation ,  , Personal ,  ,  ,  ,  ,2, VMC , LANDING , 12/20/2007 , 
20071127X01857 , Accident , DEN08CA019 , 10/24/2007 ," Wheatland, WY ", United States ,41.883056,-106.180834,  ,  , Non-Fatal , Substantial , Airplane , N5859L , Grumman American , AA-5 , No ,1, Reciprocating , Part 91: General Aviation ,  , Unknown ,  ,  ,  ,  ,1, VMC , LANDING , 12/20/2007 , 
20071120X01822 , Accident , LAX08CA016 , 10/24/2007 ," Long Beach, CA ", United States ,33.819445,-118.154722, KLGB , Long Beach , Non-Fatal , Substantial , Helicopter , N7188S , Robinson , R22 Beta , No ,1, Reciprocating , Part 91: General Aviation ,  , Instructional ,  ,  ,  ,  ,2, VMC , MANEUVERING , 12/20/2007 , 
20071212X01935 , Accident , ANC08CA009 , 10/24/2007 ," Pilot Point, AK ", United States ,57.218889,-156.868056,  ,  , Non-Fatal , Substantial , Airplane , N1602A , Piper , PA-18 , No ,1, Reciprocating , Part 91: General Aviation ,  , Other Work Use ,  ,  ,  ,1,  , VMC , GO-AROUND , 01/31/2008 , 
20071102X01708 , Accident , CHI08FA027 , 10/23/2007 ," Browerville, MN ", United States ,46.159167,-94.657778, LXL , Little Falls-Morrison County , Fatal(2) , Substantial , Airplane , N327ND , PIPER , PA-44-180 , No ,2, Reciprocating , Part 91: General Aviation ,  , Instructional ,  ,2,0,0,0, VMC , CRUISE , 12/28/2008 , 
20071109X01776 , Accident , ANC08CA008 , 10/23/2007 ," Anchorage, AK ", United States ,61.368334,-150.051944,  ,  , Non-Fatal , Substantial , Airplane , N3236P , Piper , PA-18 , No ,1, Reciprocating , Part 91: General Aviation ,  , Personal ,  ,  ,  ,  ,1, VMC , LANDING , 12/20/2007 , 
20071026X01664 , Accident , MIA08LA006 , 10/23/2007 ," Fort Myers, FL ", United States ,26.585277,-81.857778, FMY , Page Field , Non-Fatal , Substantial , Airplane , N52730 , Taylorcraft , DCO-65 , No ,1, Reciprocating , Part 91: General Aviation ,  , Personal ,  ,0,0,1,1, VMC , APPROACH , 12/24/2008 , 
20071108X01759 , Accident , MIA08LA007 , 10/23/2007 ," Crescent City, FL ", United States ,29.472223,-81.572223, 2FA5 , Thunderbird Air Park , Non-Fatal , Substantial ,  , N61AC , Catchot Angus , Kitfox IV , Yes ,1, Reciprocating ,  ,  , Personal ,  ,  ,  ,  ,1, VMC , CLIMB , 08/28/2008 , 
20080229X00251 , Accident , MIA08WA059 , 10/23/2007 ," Araya, Venezuela ", Venezuela ,10.566667,-64.25,  ,  , Fatal(2) , Substantial ,  ,  , Cessna ,182, No ,  ,  ,  ,  , Personal ,  ,2,  ,1,  , VMC ,  , 02/29/2008 , 
20081003X62957 , Accident , DCA08WA010 , 10/22/2007 ," Windhoek, Namibia ", Namibia ,  ,  ,  ,  , Fatal(2) , Destroyed , Airplane ,  , Beech , A36 , No ,  ,  ," Non-U.S., Non-Commercial ",  , Personal ,  ,2,  ,  ,  , VMC ,  ,  , 
20071024X01652 , Accident , MIA08LA005A , 10/21/2007 ," Farmingdale, NY ", United States ,40.729445,-73.413333, KFRG , Republic Airport , Non-Fatal , Substantial ,  , N43450 , Piper , PA-32R-301 , No ,1, Reciprocating ,  ,  , Personal ,  ,  ,  ,  ,3, VMC , MANEUVERING , 08/28/2008 , 
20071024X01652 , Accident , MIA08LA005B , 10/21/2007 ," Farmingdale, NY ", United States ,40.729445,-73.413333, KFRG , Republic Airport , Non-Fatal , Substantial ,  , N4672M , Cessna ,152, No ,1, Reciprocating ,  ,  , Instructional ,  ,  ,  ,  ,3, VMC , CRUISE , 08/28/2008 , 
20071107X01746 , Accident , MIA08CA008 , 10/21/2007 ," Edenton, NC ", United States ,36.022778,-76.571667, KEDE , Northeastern Regional Airport , Non-Fatal , Substantial , Airplane , N80997 , Globe , GC-1B , No ,1, Reciprocating , Part 91: General Aviation ,  , Personal ,  ,  ,  ,  ,2, VMC , APPROACH , 12/20/2007 , 
20071126X01841 , Accident , DEN08CA016 , 10/21/2007 ," Cleveland, GA ", United States ,34.591389,-83.763333,  ,  , Non-Fatal , Substantial , Helicopter , N223Z , Robinson , R-44 II , No ,1, Reciprocating , Part 91: General Aviation ,  , Instructional ,  ,  ,  ,  ,1, VMC , LANDING , 12/20/2007 , 
20071109X01777 , Accident , ANC08CA005 , 10/20/2007 ," Wasilla, AK ", United States ,61.616945,-149.324723, 55AK , Lawrence Airstrip , Non-Fatal , Substantial , Airplane , N6628N , Taylorcraft , F-19 , No ,1, Reciprocating , Part 91: General Aviation ,  , Instructional ,  ,  ,  ,  ,2, VMC , TAKEOFF , 12/20/2007 , 
20071119X01808 , Accident , NYC08CA017 , 10/20/2007 ," Greenville, ME ", United States ,45.462778,-69.551389, 3B1 , Greenville Municipal Airport , Non-Fatal , Substantial , Airplane , N757DP , Cessna ,152, No ,1, Reciprocating , Part 91: General Aviation ,  , Personal ,  ,  ,  ,  ,1, VMC , APPROACH , 12/20/2007 , 
20081003X17818 , Accident , NYC08LA018 , 10/20/2007 ," Guntersville, AL ", United States ,34.399444,-86.270278, 8A1 , Guntersville Municipal Airport , Non-Fatal , Substantial , Airplane , N1UU , Blair , Skybolt , Yes ,1, Reciprocating , Part 91: General Aviation , NSCH , Personal ,  ,  ,  ,  ,2, VMC , LANDING , 05/12/2009 , 
20071030X01688 , Accident , DEN08LA015 , 10/20/2007 ," Santa Fe, NM ", United States ,35.616945,-106.083889, SAF , SANTA FE COUNTY MUNI , Non-Fatal , Substantial ,  , N5104K , Ryan , Navion , No ,1, Reciprocating ,  ,  , Personal ,  ,  ,  ,1,  , VMC , TAKEOFF , 05/28/2008 , 
20071205X01898 , Accident , LAX08CA015 , 10/20/2007 ," Daggett, CA ", United States ,34.856111,-116.783333, DAG , BARSTOW-DAGGETT , Non-Fatal , Substantial , Airplane , N5323D , Cessna , 172N , No ,1, Reciprocating , Part 91: General Aviation ,  , Personal ,  ,  ,  ,  ,2, VMC , TAXI , 12/20/2007 , 
20071129X01877 , Accident , DFW08CA033 , 10/20/2007 ," Lufkin, TX ", United States ,31.233889,-94.75, KLFK , Angelina County Airport , Non-Fatal , Substantial , Airplane , N172GH , Cessna , 172R , No ,1, Reciprocating , Part 91: General Aviation ,  , Personal ,  ,  ,  ,  ,1, VMC , LANDING , 03/31/2008 , 
20071023X01634 , Incident , CHI08IA022 , 10/20/2007 ," Fargo, ND ", United States ,46.920556,-96.815833, FAR , Hector International , Incident , Minor , Airplane , N331NW , Airbus Industrie , A320-211 , No ,2, Turbo Jet , Part 121: Air Carrier , SCHD ,  , Northwest Airlines (DBA: Northwest Airlines) ,  ,  ,  ,138, VMC , LANDING , 03/16/2011 , 
20071104X01724 , Accident , NYC08LA015 , 10/20/2007 ," Unadilla, GA ", United States ,  ,  ,  ,  , Non-Fatal , Substantial , Airplane , N780SR , Ryan , ST-3KR , No ,1, Reciprocating , Part 91: General Aviation ,  , Personal ,  ,0,0,0,1, VMC , DESCENT , 12/24/2008 , 
20071025X01658 , Accident , DFW08LA018 , 10/20/2007 ," Flora, MS ", United States ,32.527223,-90.354722,  ,  , Non-Fatal , Substantial , Airplane , N6157G , Cessna , 150K , No ,1, Reciprocating , Part 91: General Aviation ,  , Instructional ,  ,  ,  ,  ,2, VMC , GO-AROUND , 06/17/2019 , 
20071026X01671 , Accident , ANC08LA004 , 10/20/2007 ," Prudhoe Bay, AK ", United States ,70.492222,-148.703611,  ,  , Non-Fatal , Substantial , Helicopter , N345TV , BELL , 206B , No ,1, Turbo Shaft , Part 91: General Aviation ,  , Other Work Use ,  ,  ,1,1,  , VMC , MANEUVERING , 10/05/2011 , 
20071211X01925 , Accident , CHI08CA024 , 10/19/2007 ," Cedar Springs, MI ", United States ,43.258333,-85.545833, PVT , Private , Non-Fatal , Destroyed , Airplane , N1431S , Cessna , C-182 , No ,1, Reciprocating , Part 91: General Aviation ,  , Personal ,  ,  ,  ,  ,3, VMC , TAKEOFF , 12/20/2007 , 
20080215X00198 , Accident , ANC08WA014 , 10/19/2007 ," Vancouver, Canada ", Canada ,49.233333,-123.166667,  ,  , Fatal(1) , Destroyed ,  ,  , Piper , PA-34 , No ,  ,  ,  ,  , Personal ,  ,1,2,  ,  ,  ,  , 02/15/2008 , 
20071108X01773 , Accident , CHI08CA023 , 10/19/2007 ," Morrison, MO ", United States ,38.520278,-91.628611,  ,  , Non-Fatal , Destroyed , Helicopter , N3246H , Robinson , R44 Raven II , No ,1, Turbo Shaft , Part 91: General Aviation ,  , Personal ,  ,  ,  ,  ,1, VMC , LANDING , 12/20/2007 , 
20080415X00479 , Accident , NYC08CA016 , 10/19/2007 ," Hendersonville, NC ", United States ,35.304444,-82.426389, 0A7 , Hendersonville , Non-Fatal , Substantial , Airplane , N1437S , Cessna ,182, No ,1, Reciprocating , Part 91: General Aviation ,  , Personal ,  ,  ,  ,  ,3, VMC , TAKEOFF , 04/30/2008 , 
20071129X01874 , Accident , CHI08CA025 , 10/19/2007 ," O'Neill, NE ", United States ,42.469723,-98.688055,  ,  , Non-Fatal , Substantial , Airplane , N48862 , Cessna ,152, No ,1, Reciprocating , Part 91: General Aviation ,  , Personal ,  ,  ,  ,  ,1, VMC , TAKEOFF , 12/20/2007 , 
20071115X01799 , Accident , CHI08CA021 , 10/18/2007 ," Medora, ND ", United States ,46.9325,-3.318056,  ,  , Non-Fatal , Substantial , Helicopter , N51698 , Bell , 206B-III , No ,1, Turbo Shaft , Part 91: General Aviation ,  , Public Aircraft - Federal ,  ,  ,  ,2,  , VMC , MANEUVERING , 12/20/2007 , 
20071106X01740 , Accident , DFW08CA016 , 10/18/2007 ," Magnolia, TX ", United States ,30.25,-95.65,  ,  , Non-Fatal , Destroyed , Airplane , N901RC , Ward RC , 350 HP , Yes ,1, Reciprocating , Part 91: General Aviation ,  , Personal ,  ,  ,  ,  ,3, VMC , CRUISE , 11/29/2007 , 
20080116X00056 , Accident , ANC08LA007 , 10/18/2007 ," Rangeley, ME ", United States ,44.939722,-70.690555,  ,  , Non-Fatal , Substantial ,  , N92737 , Cessna , 172M , No ,1, Reciprocating ,  ,  , Personal ,  ,  ,  ,  ,2, VMC , LANDING , 04/30/2008 , 
20071203X01888 , Accident , DFW08LA017 , 10/18/2007 ," New Iberia, LA ", United States ,30.035833,-91.883611, ARA , Acadiana Regional Airport , Non-Fatal , Substantial ,  , N92HS , Robinson , R-22 , No ,1, Reciprocating ,  ,  , Instructional ,  ,  ,  ,  ,2, VMC , MANEUVERING , 01/31/2008 , 
20071025X01657 , Accident , DFW08LA019 , 10/18/2007 ," Lebanon, ME ", United States ,43.403611,-70.900555,  ,  , Non-Fatal , Substantial , Airplane , N8777Q , Cessna , U206G , No ,1, Reciprocating , Part 91: General Aviation ,  , Personal ,  ,  ,  ,  ,1, VMC , CRUISE , 06/17/2019 , 
20071030X01691 , Accident , DEN08WA018 , 10/17/2007 ," Neuchatel, Switzerland ", Switzerland ,46.9575,6.864722,  ,  , Fatal(2) , Destroyed ,  ,  , North American , T-6G , No ,  ,  ,  ,  , Unknown ,  ,2,  ,  ,  , VMC ,  , 10/30/2007 , 
20071022X01627 , Accident , DFW08FA015 , 10/17/2007 ," Glenpool, OK ", United States ,35.985833,-96.000278,  ,  , Fatal(5) , Destroyed ,  , N978TL , Beech , A36 , No ,1, Reciprocating ,  ,  , Personal ,  ,5,  ,  ,  , VMC , TAKEOFF , 03/31/2008 , 
20071030X01687 , Accident , DEN08LA014 , 10/17/2007 ," Canon City, CO ", United States ,38.423611,-105.103611, 1V6 , Fremont County Airport , Non-Fatal , Substantial ,  , N215MD , Cessna ,210, No ,1, Reciprocating ,  ,  , Instructional ,  ,  ,  ,  ,2, VMC , APPROACH , 04/30/2008 , 
20071102X01717 , Accident , CHI08CA019 , 10/17/2007 ," Wautoma, WI ", United States ,44.224723,-89.530834, PCZ , Waupaca Muni , Non-Fatal , Substantial , Helicopter , N73223 , Bell , 47G-2A , No ,1, Reciprocating , Part 91: General Aviation ,  , Positioning ,  ,  ,  ,  ,1, VMC , CRUISE , 11/29/2007 , 